-- Generated from: storage-e2e.xml
-- DO NOT EDIT - This file is auto-generated from DBUnit XML
-- Generated by: xml-to-sql.py

SET search_path TO clinlims;

INSERT INTO storage_room (id, fhir_uuid, name, code, description, active, sys_user_id, last_updated) VALUES (1, '00000000-0000-0000-0000-000000000001', 'Main Laboratory', 'MAIN', 'Primary laboratory storage facility', TRUE, 1, '2025-01-01 12:00:00') ON CONFLICT DO NOTHING;
INSERT INTO storage_room (id, fhir_uuid, name, code, description, active, sys_user_id, last_updated) VALUES (2, '00000000-0000-0000-0000-000000000002', 'Secondary Laboratory', 'SEC', 'Secondary laboratory storage facility', TRUE, 1, '2025-01-01 12:00:00') ON CONFLICT DO NOTHING;
INSERT INTO storage_room (id, fhir_uuid, name, code, description, active, sys_user_id, last_updated) VALUES (3, '00000000-0000-0000-0000-000000000003', 'Inactive Room', 'INACTIVE', 'Inactive storage room for testing', FALSE, 1, '2025-01-01 12:00:00') ON CONFLICT DO NOTHING;
INSERT INTO storage_device (id, fhir_uuid, name, code, type, temperature_setting, capacity_limit, active, parent_room_id, sys_user_id, last_updated) VALUES (10, '00000000-0000-0000-0000-00000000000a', 'Freezer Unit 1', 'FRZ01', 'freezer', -80.0, 500, TRUE, 1, 1, '2025-01-01 12:00:00') ON CONFLICT DO NOTHING;
INSERT INTO storage_device (id, fhir_uuid, name, code, type, temperature_setting, capacity_limit, active, parent_room_id, sys_user_id, last_updated) VALUES (11, '00000000-0000-0000-0000-00000000000b', 'Refrigerator Unit 1', 'REF01', 'refrigerator', 4.0, 300, TRUE, 1, 1, '2025-01-01 12:00:00') ON CONFLICT DO NOTHING;
INSERT INTO storage_device (id, fhir_uuid, name, code, type, active, parent_room_id, sys_user_id, last_updated) VALUES (12, '00000000-0000-0000-0000-00000000000c', 'Cabinet Unit 1', 'CAB01', 'cabinet', TRUE, 2, 1, '2025-01-01 12:00:00') ON CONFLICT DO NOTHING;
INSERT INTO storage_device (id, fhir_uuid, name, code, type, active, parent_room_id, sys_user_id, last_updated) VALUES (13, '00000000-0000-0000-0000-00000000000d', 'Inactive Freezer', 'INACT-FRZ', 'freezer', FALSE, 3, 1, '2025-01-01 12:00:00') ON CONFLICT DO NOTHING;
INSERT INTO storage_shelf (id, fhir_uuid, label, code, capacity_limit, active, parent_device_id, sys_user_id, last_updated) VALUES (20, '00000000-0000-0000-0000-000000000014', 'Shelf-A', 'SHA', 50, TRUE, 10, 1, '2025-01-01 12:00:00') ON CONFLICT DO NOTHING;
INSERT INTO storage_shelf (id, fhir_uuid, label, code, capacity_limit, active, parent_device_id, sys_user_id, last_updated) VALUES (21, '00000000-0000-0000-0000-000000000015', 'Shelf-B', 'SHB', 50, TRUE, 10, 1, '2025-01-01 12:00:00') ON CONFLICT DO NOTHING;
INSERT INTO storage_shelf (id, fhir_uuid, label, code, active, parent_device_id, sys_user_id, last_updated) VALUES (22, '00000000-0000-0000-0000-000000000016', 'Shelf-1', 'SH1', TRUE, 11, 1, '2025-01-01 12:00:00') ON CONFLICT DO NOTHING;
INSERT INTO storage_shelf (id, fhir_uuid, label, code, active, parent_device_id, sys_user_id, last_updated) VALUES (23, '00000000-0000-0000-0000-000000000017', 'Shelf-1', 'SH1', TRUE, 12, 1, '2025-01-01 12:00:00') ON CONFLICT DO NOTHING;
INSERT INTO storage_rack (id, fhir_uuid, label, code, active, parent_shelf_id, sys_user_id, last_updated) VALUES (30, '00000000-0000-0000-0000-00000000001e', 'Rack R1', 'RR1', TRUE, 20, 1, '2025-01-01 12:00:00') ON CONFLICT DO NOTHING;
INSERT INTO storage_rack (id, fhir_uuid, label, code, active, parent_shelf_id, sys_user_id, last_updated) VALUES (31, '00000000-0000-0000-0000-00000000001f', 'Rack R2', 'RR2', TRUE, 20, 1, '2025-01-01 12:00:00') ON CONFLICT DO NOTHING;
INSERT INTO storage_rack (id, fhir_uuid, label, code, active, parent_shelf_id, sys_user_id, last_updated) VALUES (32, '00000000-0000-0000-0000-000000000020', 'Rack R3', 'RR3', TRUE, 21, 1, '2025-01-01 12:00:00') ON CONFLICT DO NOTHING;
INSERT INTO storage_rack (id, fhir_uuid, label, code, active, parent_shelf_id, sys_user_id, last_updated) VALUES (33, '00000000-0000-0000-0000-000000000021', 'Rack R1', 'RR1', TRUE, 22, 1, '2025-01-01 12:00:00') ON CONFLICT DO NOTHING;
INSERT INTO storage_rack (id, fhir_uuid, label, code, active, parent_shelf_id, sys_user_id, last_updated) VALUES (34, '00000000-0000-0000-0000-000000000022', 'Rack R1', 'RR1', TRUE, 23, 1, '2025-01-01 12:00:00') ON CONFLICT DO NOTHING;
INSERT INTO storage_box (id, fhir_uuid, label, type, rows, columns, position_schema_hint, code, active, parent_rack_id, sys_user_id, last_updated) VALUES (100, '00000000-0000-0000-0000-000000000064', 'Plate A', '96-well', 8, 12, 'letter-number', 'PA', TRUE, 30, 1, '2025-01-01 12:00:00') ON CONFLICT DO NOTHING;
INSERT INTO storage_box (id, fhir_uuid, label, type, rows, columns, position_schema_hint, code, active, parent_rack_id, sys_user_id, last_updated) VALUES (101, '00000000-0000-0000-0000-000000000065', 'Plate B', '96-well', 8, 12, 'letter-number', 'PB', TRUE, 30, 1, '2025-01-01 12:00:00') ON CONFLICT DO NOTHING;
INSERT INTO storage_box (id, fhir_uuid, label, type, rows, columns, position_schema_hint, code, active, parent_rack_id, sys_user_id, last_updated) VALUES (102, '00000000-0000-0000-0000-000000000066', 'Plate C', '24-well', 4, 6, 'letter-number', 'PC', TRUE, 33, 1, '2025-01-01 12:00:00') ON CONFLICT DO NOTHING;
INSERT INTO person (id, last_name, first_name, middle_name, city, state, zip_code, country, work_phone, home_phone, cell_phone, primary_phone, email, lastupdated) VALUES (1000, 'TEST-Smith', 'John', 'Test', 'Test City', 'Test State', 12345, 'USA', 555-0101, 555-0102, 555-0103, 555-0101, 'john.test@test.com', '2025-01-01 12:00:00') ON CONFLICT DO NOTHING;
INSERT INTO person (id, last_name, first_name, middle_name, city, state, zip_code, country, work_phone, home_phone, cell_phone, primary_phone, email, lastupdated) VALUES (1001, 'TEST-Jones', 'Jane', 'Test', 'Test City', 'Test State', 12345, 'USA', 555-0201, 555-0202, 555-0203, 555-0201, 'jane.test@test.com', '2025-01-01 12:00:00') ON CONFLICT DO NOTHING;
INSERT INTO person (id, last_name, first_name, middle_name, city, state, zip_code, country, work_phone, home_phone, cell_phone, primary_phone, email, lastupdated) VALUES (1002, 'TEST-Williams', 'Bob', 'Test', 'Test City', 'Test State', 12345, 'USA', 555-0301, 555-0302, 555-0303, 555-0301, 'bob.test@test.com', '2025-01-01 12:00:00') ON CONFLICT DO NOTHING;
INSERT INTO patient (id, person_id, race, gender, birth_date, birth_time, national_id, ethnicity, external_id, entered_birth_date, lastupdated) VALUES (1000, 1000, 'black', 'M', '1990-01-15 00:00:00', '1990-01-15 10:00:00', 'E2E-PAT-001', 'U', 'E2E-PAT-001', '01/15/1990', '2025-01-01 12:00:00') ON CONFLICT DO NOTHING;
INSERT INTO patient (id, person_id, race, gender, birth_date, birth_time, national_id, ethnicity, external_id, entered_birth_date, lastupdated) VALUES (1001, 1001, 'white', 'F', '1985-05-20 00:00:00', '1985-05-20 14:30:00', 'E2E-PAT-002', 'U', 'E2E-PAT-002', '05/20/1985', '2025-01-01 12:00:00') ON CONFLICT DO NOTHING;
INSERT INTO patient (id, person_id, race, gender, birth_date, birth_time, national_id, ethnicity, external_id, entered_birth_date, lastupdated) VALUES (1002, 1002, 'asian', 'M', '1992-11-10 00:00:00', '1992-11-10 09:15:00', 'E2E-PAT-003', 'U', 'E2E-PAT-003', '11/10/1992', '2025-01-01 12:00:00') ON CONFLICT DO NOTHING;
INSERT INTO sample (id, accession_number, fhir_uuid, domain, status_id, entered_date, sys_user_id, received_date, lastupdated, is_confirmation) VALUES (1000, 'E2E001', '550e8400-e29b-41d4-a716-446655440100', 'H', 1, '2025-04-30 10:00:00', 1, '2025-05-01 10:00:00', '2025-01-01 12:00:00', FALSE) ON CONFLICT DO NOTHING;
INSERT INTO sample (id, accession_number, fhir_uuid, domain, status_id, entered_date, sys_user_id, received_date, lastupdated, is_confirmation) VALUES (1001, 'E2E002', '550e8400-e29b-41d4-a716-446655440101', 'H', 1, '2025-04-30 10:00:00', 1, '2025-05-01 10:00:00', '2025-01-01 12:00:00', FALSE) ON CONFLICT DO NOTHING;
INSERT INTO sample (id, accession_number, fhir_uuid, domain, status_id, entered_date, sys_user_id, received_date, lastupdated, is_confirmation) VALUES (1002, 'E2E003', '550e8400-e29b-41d4-a716-446655440102', 'H', 1, '2025-04-30 10:00:00', 1, '2025-05-01 10:00:00', '2025-01-01 12:00:00', FALSE) ON CONFLICT DO NOTHING;
INSERT INTO sample (id, accession_number, fhir_uuid, domain, status_id, entered_date, sys_user_id, received_date, lastupdated, is_confirmation) VALUES (1003, 'E2E004', '550e8400-e29b-41d4-a716-446655440103', 'H', 1, '2025-04-30 10:00:00', 1, '2025-05-01 10:00:00', '2025-01-01 12:00:00', FALSE) ON CONFLICT DO NOTHING;
INSERT INTO sample (id, accession_number, fhir_uuid, domain, status_id, entered_date, sys_user_id, received_date, lastupdated, is_confirmation) VALUES (1004, 'E2E005', '550e8400-e29b-41d4-a716-446655440104', 'H', 1, '2025-04-30 10:00:00', 1, '2025-05-01 10:00:00', '2025-01-01 12:00:00', FALSE) ON CONFLICT DO NOTHING;
INSERT INTO sample (id, accession_number, fhir_uuid, domain, status_id, entered_date, sys_user_id, received_date, lastupdated, is_confirmation) VALUES (1005, 'E2E', '550e8400-e29b-41d4-a716-446655440105', 'H', 1, '2025-04-30 10:00:00', 1, '2025-05-01 10:00:00', '2025-01-01 12:00:00', FALSE) ON CONFLICT DO NOTHING;
INSERT INTO sample (id, accession_number, fhir_uuid, domain, status_id, entered_date, sys_user_id, received_date, lastupdated, is_confirmation) VALUES (1006, 'E2E007', '550e8400-e29b-41d4-a716-446655440106', 'H', 1, '2025-04-30 10:00:00', 1, '2025-05-01 10:00:00', '2025-01-01 12:00:00', FALSE) ON CONFLICT DO NOTHING;
INSERT INTO sample (id, accession_number, fhir_uuid, domain, status_id, entered_date, sys_user_id, received_date, lastupdated, is_confirmation) VALUES (1007, 'E2E008', '550e8400-e29b-41d4-a716-446655440107', 'H', 1, '2025-04-30 10:00:00', 1, '2025-05-01 10:00:00', '2025-01-01 12:00:00', FALSE) ON CONFLICT DO NOTHING;
INSERT INTO sample (id, accession_number, fhir_uuid, domain, status_id, entered_date, sys_user_id, received_date, lastupdated, is_confirmation) VALUES (1008, 'E2E009', '550e8400-e29b-41d4-a716-446655440108', 'H', 1, '2025-04-30 10:00:00', 1, '2025-05-01 10:00:00', '2025-01-01 12:00:00', FALSE) ON CONFLICT DO NOTHING;
INSERT INTO sample (id, accession_number, fhir_uuid, domain, status_id, entered_date, sys_user_id, received_date, lastupdated, is_confirmation) VALUES (1009, 'E2E010', '550e8400-e29b-41d4-a716-446655440109', 'H', 1, '2025-04-30 10:00:00', 1, '2025-05-01 10:00:00', '2025-01-01 12:00:00', FALSE) ON CONFLICT DO NOTHING;
INSERT INTO sample_item (id, samp_id, sort_order, external_id, typeosamp_id, collection_date, collector, quantity, status_id, voided, rejected, lastupdated) VALUES (10001, 1000, 1, 'E2E001-TUBE-1', 1, '2025-04-30 10:00:00', 'Tech-001', 5.0, 1, FALSE, FALSE, '2025-01-01 12:00:00') ON CONFLICT DO NOTHING;
INSERT INTO sample_item (id, samp_id, sort_order, sampitem_id, external_id, typeosamp_id, collection_date, collector, quantity, status_id, voided, rejected, lastupdated) VALUES (10002, 1000, 2, 10001, 'E2E001-ALIQUOT-1', 1, '2025-04-30 10:00:00', 'Tech-001', 2.0, 1, FALSE, FALSE, '2025-01-01 12:00:00') ON CONFLICT DO NOTHING;
INSERT INTO sample_item (id, samp_id, sort_order, external_id, typeosamp_id, collection_date, collector, quantity, status_id, voided, rejected, lastupdated) VALUES (10011, 1001, 1, 'E2E002-TUBE-1', 3, '2025-04-30 10:00:00', 'Tech-002', 10.0, 1, FALSE, FALSE, '2025-01-01 12:00:00') ON CONFLICT DO NOTHING;
INSERT INTO sample_item (id, samp_id, sort_order, external_id, typeosamp_id, collection_date, collector, quantity, status_id, voided, rejected, lastupdated) VALUES (10021, 1002, 1, 'E2E003-URINE-1', 2, '2025-04-30 10:00:00', 'Tech-003', 50.0, 1, FALSE, FALSE, '2025-01-01 12:00:00') ON CONFLICT DO NOTHING;
INSERT INTO sample_item (id, samp_id, sort_order, sampitem_id, external_id, typeosamp_id, collection_date, collector, quantity, status_id, voided, rejected, lastupdated) VALUES (10022, 1002, 2, 10021, 'E2E003-ALIQUOT-1', 2, '2025-04-30 10:00:00', 'Tech-003', 10.0, 1, FALSE, FALSE, '2025-01-01 12:00:00') ON CONFLICT DO NOTHING;
INSERT INTO sample_item (id, samp_id, sort_order, sampitem_id, external_id, typeosamp_id, collection_date, collector, quantity, status_id, voided, rejected, lastupdated) VALUES (10023, 1002, 3, 10021, 'E2E003-ALIQUOT-2', 2, '2025-04-30 10:00:00', 'Tech-003', 10.0, 1, FALSE, FALSE, '2025-01-01 12:00:00') ON CONFLICT DO NOTHING;
INSERT INTO sample_item (id, samp_id, sort_order, external_id, typeosamp_id, collection_date, collector, quantity, status_id, voided, rejected, lastupdated) VALUES (10031, 1003, 1, 'E2E004-TUBE-1', 1, '2025-04-30 10:00:00', 'Tech-004', 5.0, 1, FALSE, FALSE, '2025-01-01 12:00:00') ON CONFLICT DO NOTHING;
INSERT INTO sample_item (id, samp_id, sort_order, external_id, typeosamp_id, collection_date, collector, quantity, status_id, voided, rejected, lastupdated) VALUES (10041, 1004, 1, 'E2E005-TUBE-1', 3, '2025-04-30 10:00:00', 'Tech-005', 10.0, 1, FALSE, FALSE, '2025-01-01 12:00:00') ON CONFLICT DO NOTHING;
INSERT INTO sample_item (id, samp_id, sort_order, sampitem_id, external_id, typeosamp_id, collection_date, collector, quantity, status_id, voided, rejected, lastupdated) VALUES (10042, 1004, 2, 10041, 'E2E005-TUBE-2', 3, '2025-04-30 10:00:00', 'Tech-005', 10.0, 1, FALSE, FALSE, '2025-01-01 12:00:00') ON CONFLICT DO NOTHING;
INSERT INTO sample_item (id, samp_id, sort_order, external_id, typeosamp_id, collection_date, collector, quantity, status_id, voided, rejected, lastupdated) VALUES (10051, 1005, 1, 'E2E-TUBE-1', 1, '2025-04-30 10:00:00', 'Tech-006', 5.0, 1, FALSE, FALSE, '2025-01-01 12:00:00') ON CONFLICT DO NOTHING;
INSERT INTO sample_item (id, samp_id, sort_order, external_id, typeosamp_id, collection_date, collector, quantity, status_id, voided, rejected, lastupdated) VALUES (10061, 1006, 1, 'E2E007-TUBE-1', 3, '2025-04-30 10:00:00', 'Tech-007', 10.0, 1, FALSE, FALSE, '2025-01-01 12:00:00') ON CONFLICT DO NOTHING;
INSERT INTO sample_item (id, samp_id, sort_order, external_id, typeosamp_id, collection_date, collector, quantity, status_id, voided, rejected, lastupdated) VALUES (10071, 1007, 1, 'E2E008-URINE-1', 2, '2025-04-30 10:00:00', 'Tech-008', 50.0, 1, FALSE, FALSE, '2025-01-01 12:00:00') ON CONFLICT DO NOTHING;
INSERT INTO sample_item (id, samp_id, sort_order, sampitem_id, external_id, typeosamp_id, collection_date, collector, quantity, status_id, voided, rejected, lastupdated) VALUES (10072, 1007, 2, 10071, 'E2E008-ALIQUOT-1', 2, '2025-04-30 10:00:00', 'Tech-008', 10.0, 1, FALSE, FALSE, '2025-01-01 12:00:00') ON CONFLICT DO NOTHING;
INSERT INTO sample_item (id, samp_id, sort_order, external_id, typeosamp_id, collection_date, collector, quantity, status_id, voided, rejected, lastupdated) VALUES (10081, 1008, 1, 'E2E009-SERUM-1', 1, '2025-04-30 10:00:00', 'Tech-009', 5.0, 1, FALSE, FALSE, '2025-01-01 12:00:00') ON CONFLICT DO NOTHING;
INSERT INTO sample_item (id, samp_id, sort_order, sampitem_id, external_id, typeosamp_id, collection_date, collector, quantity, status_id, voided, rejected, lastupdated) VALUES (10082, 1008, 2, 10081, 'E2E009-ALIQUOT-1', 1, '2025-04-30 10:00:00', 'Tech-009', 2.0, 1, FALSE, FALSE, '2025-01-01 12:00:00') ON CONFLICT DO NOTHING;
INSERT INTO sample_item (id, samp_id, sort_order, external_id, typeosamp_id, collection_date, collector, quantity, status_id, voided, rejected, lastupdated) VALUES (10091, 1009, 1, 'E2E010-TUBE-1', 3, '2025-04-30 10:00:00', 'Tech-010', 10.0, 1, FALSE, FALSE, '2025-01-01 12:00:00') ON CONFLICT DO NOTHING;
INSERT INTO sample_item (id, samp_id, sort_order, sampitem_id, external_id, typeosamp_id, collection_date, collector, quantity, status_id, voided, rejected, lastupdated) VALUES (10092, 1009, 2, 10091, 'E2E010-TUBE-2', 3, '2025-04-30 10:00:00', 'Tech-010', 10.0, 1, FALSE, FALSE, '2025-01-01 12:00:00') ON CONFLICT DO NOTHING;
INSERT INTO sample_item (id, samp_id, sort_order, sampitem_id, external_id, typeosamp_id, collection_date, collector, quantity, status_id, voided, rejected, lastupdated) VALUES (10093, 1009, 3, 10091, 'E2E010-TUBE-3', 3, '2025-04-30 10:00:00', 'Tech-010', 10.0, 1, FALSE, FALSE, '2025-01-01 12:00:00') ON CONFLICT DO NOTHING;
INSERT INTO sample_human (id, samp_id, patient_id, lastupdated) VALUES (1000, 1000, 1000, '2025-01-01 12:00:00') ON CONFLICT DO NOTHING;
INSERT INTO sample_human (id, samp_id, patient_id, lastupdated) VALUES (1001, 1001, 1001, '2025-01-01 12:00:00') ON CONFLICT DO NOTHING;
INSERT INTO sample_human (id, samp_id, patient_id, lastupdated) VALUES (1002, 1002, 1002, '2025-01-01 12:00:00') ON CONFLICT DO NOTHING;
INSERT INTO sample_human (id, samp_id, patient_id, lastupdated) VALUES (1003, 1003, 1000, '2025-01-01 12:00:00') ON CONFLICT DO NOTHING;
INSERT INTO sample_human (id, samp_id, patient_id, lastupdated) VALUES (1004, 1004, 1001, '2025-01-01 12:00:00') ON CONFLICT DO NOTHING;
INSERT INTO sample_human (id, samp_id, patient_id, lastupdated) VALUES (1005, 1005, 1000, '2025-01-01 12:00:00') ON CONFLICT DO NOTHING;
INSERT INTO sample_human (id, samp_id, patient_id, lastupdated) VALUES (1006, 1006, 1001, '2025-01-01 12:00:00') ON CONFLICT DO NOTHING;
INSERT INTO sample_human (id, samp_id, patient_id, lastupdated) VALUES (1007, 1007, 1002, '2025-01-01 12:00:00') ON CONFLICT DO NOTHING;
INSERT INTO sample_human (id, samp_id, patient_id, lastupdated) VALUES (1008, 1008, 1000, '2025-01-01 12:00:00') ON CONFLICT DO NOTHING;
INSERT INTO sample_human (id, samp_id, patient_id, lastupdated) VALUES (1009, 1009, 1001, '2025-01-01 12:00:00') ON CONFLICT DO NOTHING;
INSERT INTO sample_storage_assignment (id, sample_item_id, location_id, location_type, position_coordinate, assigned_date, assigned_by_user_id, notes, last_updated) VALUES (5000, 10001, 30, 'rack', 'A1', '2025-01-01 12:00:00', 1, 'E2E test assignment - blood tube', '2025-01-01 12:00:00') ON CONFLICT DO NOTHING;
INSERT INTO sample_storage_assignment (id, sample_item_id, location_id, location_type, position_coordinate, assigned_date, assigned_by_user_id, notes, last_updated) VALUES (5001, 10002, 33, 'rack', 'X1', '2025-01-01 12:00:00', 1, 'E2E test assignment - serum aliquot', '2025-01-01 12:00:00') ON CONFLICT DO NOTHING;
INSERT INTO sample_storage_assignment (id, sample_item_id, location_id, location_type, position_coordinate, assigned_date, assigned_by_user_id, notes, last_updated) VALUES (5002, 10011, 30, 'rack', 'A2', '2025-01-01 12:00:00', 1, 'E2E test assignment', '2025-01-01 12:00:00') ON CONFLICT DO NOTHING;
INSERT INTO sample_storage_assignment (id, sample_item_id, location_id, location_type, position_coordinate, assigned_date, assigned_by_user_id, notes, last_updated) VALUES (5003, 10021, 30, 'rack', 'A4', '2025-01-01 12:00:00', 1, 'E2E test assignment - urine sample', '2025-01-01 12:00:00') ON CONFLICT DO NOTHING;
INSERT INTO sample_storage_assignment (id, sample_item_id, location_id, location_type, position_coordinate, assigned_date, assigned_by_user_id, notes, last_updated) VALUES (5004, 10022, 30, 'rack', 'A3', '2025-01-01 12:00:00', 1, 'E2E test assignment - urine aliquot 1', '2025-01-01 12:00:00') ON CONFLICT DO NOTHING;
INSERT INTO sample_storage_assignment (id, sample_item_id, location_id, location_type, position_coordinate, assigned_date, assigned_by_user_id, notes, last_updated) VALUES (5005, 10041, 30, 'rack', 'A5', '2025-01-01 12:00:00', 1, 'E2E test assignment - blood tube 1', '2025-01-01 12:00:00') ON CONFLICT DO NOTHING;
INSERT INTO sample_storage_assignment (id, sample_item_id, location_id, location_type, position_coordinate, assigned_date, assigned_by_user_id, notes, last_updated) VALUES (5006, 10042, 30, 'rack', 'A7', '2025-01-01 12:00:00', 1, 'E2E test assignment - blood tube 2', '2025-01-01 12:00:00') ON CONFLICT DO NOTHING;
INSERT INTO sample_storage_assignment (id, sample_item_id, location_id, location_type, position_coordinate, assigned_date, assigned_by_user_id, notes, last_updated) VALUES (5009, 10061, 34, 'rack', 'A2', '2025-01-01 12:00:00', 1, 'E2E test - Secondary Lab', '2025-01-01 12:00:00') ON CONFLICT DO NOTHING;
INSERT INTO sample_storage_assignment (id, sample_item_id, location_id, location_type, position_coordinate, assigned_date, assigned_by_user_id, notes, last_updated) VALUES (5010, 10071, 30, 'rack', 'A6', '2025-01-01 12:00:00', 1, 'E2E test - Disposed sample', '2025-01-01 12:00:00') ON CONFLICT DO NOTHING;
INSERT INTO sample_storage_assignment (id, sample_item_id, location_id, location_type, position_coordinate, assigned_date, assigned_by_user_id, notes, last_updated) VALUES (5011, 10081, 34, 'rack', 'A3', '2025-01-01 12:00:00', 1, 'E2E test - Disposed in Secondary', '2025-01-01 12:00:00') ON CONFLICT DO NOTHING;
INSERT INTO sample_storage_assignment (id, sample_item_id, location_id, location_type, position_coordinate, assigned_date, assigned_by_user_id, notes, last_updated) VALUES (5012, 10091, 33, 'rack', 'A1', '2025-01-01 12:00:00', 1, 'E2E test - Refrigerator - tube 1', '2025-01-01 12:00:00') ON CONFLICT DO NOTHING;
INSERT INTO sample_storage_assignment (id, sample_item_id, location_id, location_type, position_coordinate, assigned_date, assigned_by_user_id, notes, last_updated) VALUES (5013, 10092, 33, 'rack', 'X1', '2025-01-01 12:00:00', 1, 'E2E test - Refrigerator - tube 2', '2025-01-01 12:00:00') ON CONFLICT DO NOTHING;
INSERT INTO sample_storage_assignment (id, sample_item_id, location_id, location_type, position_coordinate, assigned_date, assigned_by_user_id, notes, last_updated) VALUES (5014, 10031, 100, 'box', 'A1', '2025-01-01 12:00:00', 1, 'E2E test assignment - box position occupied', '2025-01-01 12:00:00') ON CONFLICT DO NOTHING;
INSERT INTO sample_storage_movement (id, sample_item_id, new_location_id, new_location_type, new_position_coordinate, movement_date, moved_by_user_id, reason, last_updated) VALUES (5000, 10001, 30, 'rack', 'A1', '2025-01-01 12:00:00', 1, 'Initial assignment - blood tube', '2025-01-01 12:00:00') ON CONFLICT DO NOTHING;
INSERT INTO sample_storage_movement (id, sample_item_id, new_location_id, new_location_type, new_position_coordinate, movement_date, moved_by_user_id, reason, last_updated) VALUES (5001, 10002, 33, 'rack', 'X1', '2025-01-01 12:00:00', 1, 'Initial assignment - serum aliquot', '2025-01-01 12:00:00') ON CONFLICT DO NOTHING;
INSERT INTO sample_storage_movement (id, sample_item_id, new_location_id, new_location_type, new_position_coordinate, movement_date, moved_by_user_id, reason, last_updated) VALUES (5002, 10011, 30, 'rack', 'A2', '2025-01-01 12:00:00', 1, 'Initial assignment', '2025-01-01 12:00:00') ON CONFLICT DO NOTHING;
INSERT INTO sample_storage_movement (id, sample_item_id, new_location_id, new_location_type, new_position_coordinate, movement_date, moved_by_user_id, reason, last_updated) VALUES (5003, 10021, 30, 'rack', 'A4', '2025-01-01 12:00:00', 1, 'Initial assignment - urine sample', '2025-01-01 12:00:00') ON CONFLICT DO NOTHING;
INSERT INTO sample_storage_movement (id, sample_item_id, new_location_id, new_location_type, new_position_coordinate, movement_date, moved_by_user_id, reason, last_updated) VALUES (5004, 10022, 30, 'rack', 'A3', '2025-01-01 12:00:00', 1, 'Initial assignment - urine aliquot 1', '2025-01-01 12:00:00') ON CONFLICT DO NOTHING;
INSERT INTO sample_storage_movement (id, sample_item_id, new_location_id, new_location_type, new_position_coordinate, movement_date, moved_by_user_id, reason, last_updated) VALUES (5005, 10041, 30, 'rack', 'A5', '2025-01-01 12:00:00', 1, 'Initial assignment - blood tube 1', '2025-01-01 12:00:00') ON CONFLICT DO NOTHING;
INSERT INTO sample_storage_movement (id, sample_item_id, new_location_id, new_location_type, new_position_coordinate, movement_date, moved_by_user_id, reason, last_updated) VALUES (5006, 10042, 30, 'rack', 'A7', '2025-01-01 12:00:00', 1, 'Initial assignment - blood tube 2', '2025-01-01 12:00:00') ON CONFLICT DO NOTHING;
INSERT INTO sample_storage_movement (id, sample_item_id, new_location_id, new_location_type, new_position_coordinate, movement_date, moved_by_user_id, reason, last_updated) VALUES (5009, 10061, 34, 'rack', 'A2', '2025-01-01 12:00:00', 1, 'Initial assignment', '2025-01-01 12:00:00') ON CONFLICT DO NOTHING;
INSERT INTO sample_storage_movement (id, sample_item_id, new_location_id, new_location_type, new_position_coordinate, movement_date, moved_by_user_id, reason, last_updated) VALUES (5010, 10071, 30, 'rack', 'A6', '2025-01-01 12:00:00', 1, 'Initial assignment', '2025-01-01 12:00:00') ON CONFLICT DO NOTHING;
INSERT INTO sample_storage_movement (id, sample_item_id, new_location_id, new_location_type, new_position_coordinate, movement_date, moved_by_user_id, reason, last_updated) VALUES (5011, 10081, 34, 'rack', 'A3', '2025-01-01 12:00:00', 1, 'Initial assignment', '2025-01-01 12:00:00') ON CONFLICT DO NOTHING;
INSERT INTO sample_storage_movement (id, sample_item_id, new_location_id, new_location_type, new_position_coordinate, movement_date, moved_by_user_id, reason, last_updated) VALUES (5012, 10091, 33, 'rack', 'A1', '2025-01-01 12:00:00', 1, 'Initial assignment - tube 1', '2025-01-01 12:00:00') ON CONFLICT DO NOTHING;
INSERT INTO sample_storage_movement (id, sample_item_id, new_location_id, new_location_type, new_position_coordinate, movement_date, moved_by_user_id, reason, last_updated) VALUES (5013, 10092, 33, 'rack', 'X1', '2025-01-01 12:00:00', 1, 'Initial assignment - tube 2', '2025-01-01 12:00:00') ON CONFLICT DO NOTHING;
INSERT INTO sample_storage_movement (id, sample_item_id, new_location_id, new_location_type, new_position_coordinate, movement_date, moved_by_user_id, reason, last_updated) VALUES (5014, 10031, 100, 'box', 'A1', '2025-01-01 12:00:00', 1, 'Initial assignment - Plate A A1', '2025-01-01 12:00:00') ON CONFLICT DO NOTHING;

-- Update sequences to avoid ID conflicts after fixture data
SELECT setval('storage_room_seq', 3, true);
SELECT setval('storage_device_seq', 13, true);
SELECT setval('storage_shelf_seq', 23, true);
SELECT setval('storage_rack_seq', 34, true);
SELECT setval('storage_box_seq', 102, true);
SELECT setval('person_seq', 1002, true);
SELECT setval('patient_seq', 1002, true);
SELECT setval('sample_seq', 1009, true);
SELECT setval('sample_item_seq', 10093, true);
SELECT setval('sample_human_seq', 1009, true);
SELECT setval('sample_storage_assignment_seq', 5014, true);
SELECT setval('sample_storage_movement_seq', 5014, true);
